HOSPITAL_ID,HOSPITAL_NAME,CITY,COUNTY,LICENSED_BEDS,DISCHARGES_MEDICARE,DISCHARGES_MEDICAID,DISCHARGES_TOTAL,ACUTE_PATIENT_DAYS,PATIENT_DAYS,SURGERIES_INPATIENT,SURGERIES_OUTPATIENT,BIRTHS,ER_VISITS,HOME_VISITS
106431013,AGNEWS STATE HOSPITAL,SAN JOSE,SANTA CLARA,919,0,56,56,"1,138","109,456",0,0,0,0,0
106010846,ALAMEDA COUNTY MEDICAL CENTER,OAKLAND,ALAMEDA,475,1927,"6,097","13,915","43,008","111,775","2,157","1,789","1,399","86,460",0
106010735,ALAMEDA HOSPITAL,ALAMEDA,ALAMEDA,135,2108,410,"3,310","13,124","22,715","1,060","5,042",0,"21,909",0
106190017,ALHAMBRA HOSPITAL - ALHAMBRA,ALHAMBRA,LOS ANGELES,144,2795,1086,"4,322","25,376","38,476",652,"1,558",0,"17,055",0
106010739,ALTA BATES SUMMIT MED CTR-ALTA BATES CAMPUS,BERKELEY,ALAMEDA,559,5843,"4,706","19,250","92,757","145,433","3,261","5,031","6,996","40,926",0
106010937,ALTA BATES SUMMIT MED CTR-SUMMIT-HAWTHORNE,OAKLAND,ALAMEDA,387,7994,2619,"16,074","74,542","85,676","4,439","8,238",0,"38,500",0
106370652,ALVARADO HOSPITAL,SAN DIEGO,SAN DIEGO,305,4490,1210,"8,177","41,285","54,797","2,320","3,561",0,"21,697",0
106370749,ALVARADO PARKWAY INSTITUTE BHS,LA MESA,SAN DIEGO,66,1692,25,"2,322",0,"21,454",0,0,0,0,0
106194010,AMERICAN RECOVERY CENTER,POMONA,LOS ANGELES,156,0,0,"1,673",0,"32,488",0,0,0,0,0
106301097,ANAHEIM GENERAL HOSPITAL,ANAHEIM,ORANGE,143,1809,779,"3,021","11,687","24,686",406,794,370,"11,915",0
106301098,ANAHEIM MEMORIAL MEDICAL CENTER,ANAHEIM,ORANGE,224,6971,"1,703","14,676","59,881","59,881","3,066","3,329","1,766","53,605",0
106190034,ANTELOPE VALLEY HOSPITAL MEDICAL CTR,LANCASTER,LOS ANGELES,341,7468,"8,584","22,576","87,554","90,693","4,446","2,933","5,319","99,349","8,633"
106364231,ARROWHEAD REGIONAL MEDICAL CENTER,COLTON,SAN BERNARDINO,373,2333,"10,067","21,959","92,053","111,246","5,834","4,551","3,240","91,425","10,835"
106400466,ARROYO GRANDE COMMUNITY HOSPITAL,ARROYO GRANDE,SAN LUIS OBISPO,65,1987,162,"2,890","10,395","13,387",953,878,0,"22,061",0
106400683,ATASCADERO STATE HOSPITAL,ATASCADERO,SAN LUIS OBISPO,"1,259",0,0,"1,205",0,"469,638",0,0,0,0,0
106190163,AURORA CHARTER OAK,COVINA,LOS ANGELES,95,967,822,"4,237",0,"29,610",0,0,0,0,0
106190462,AURORA LAS ENCINAS HOSPITAL,PASADENA,LOS ANGELES,138,721,284,"3,332",0,"33,704",0,0,0,0,0
106374024,AURORA SAN DIEGO,SAN DIEGO,SAN DIEGO,80,469,245,"2,545",0,"22,608",0,0,0,0,0
106560203,AURORA VISTA DEL MAR HOSPITAL,VENTURA,VENTURA,87,557,297,"3,027",0,"22,710",0,0,0,0,0
106154101,BAKERSFIELD HEART HOSPITAL,BAKERSFIELD,KERN,47,2843,196,"3,863","15,363","15,363",640,97,0,"12,300",0
106150722,BAKERSFIELD MEMORIAL HOSPITAL,BAKERSFIELD,KERN,367,6594,"3,536","16,600","62,842","77,449","4,956","4,430",0,"33,130",0
106184008,BANNER LASSEN MEDICAL CENTER,SUSANVILLE,LASSEN,38,486,293,"1,399","4,002","4,002",273,782,0,"9,819",0
106190052,BARLOW HOSPITAL,LOS ANGELES,LOS ANGELES,75,426,33,522,"18,327","18,327",0,0,0,0,0
106361105,BARSTOW COMMUNITY HOSPITAL,BARSTOW,SAN BERNARDINO,56,1327,735,"2,905","8,112","8,112",687,988,331,"21,366",0
106090793,BARTON MEMORIAL HOSPITAL,SOUTH LAKE TAHOE,EL DORADO,121,1028,655,"3,344","11,363","28,292","1,766","2,913",558,"19,616","10,250"
106361110,BEAR VALLEY COMMUNITY HOSPITAL,BIG BEAR LAKE,SAN BERNARDINO,30,189,65,383,863,"8,153",73,277,0,"10,024",0
106190066,BELLFLOWER MEDICAL CENTER,BELLFLOWER,LOS ANGELES,144,1860,2983,"5,511","18,360","28,426","1,461","3,113","1,751","12,621",0
106330120,BETTY FORD CENTER OF EISENHOWER,RANCHO MIRAGE,RIVERSIDE,100,0,0,"1,403",0,"31,265",0,0,0,0,0
106190081,BEVERLY HOSPITAL,MONTEBELLO,LOS ANGELES,223,5569,"3,059","9,903","41,810","41,810","1,833","4,997","1,449","33,321","4,419"
106190020,BHC ALHAMBRA HOSPITAL,ROSEMEAD,LOS ANGELES,85,333,726,"3,409",0,"22,638",0,0,0,0,0
106040802,BIGGS-GRIDLEY MEMORIAL HOSPITAL,GRIDLEY,BUTTE,45,676,109,927,"4,005","9,341",245,448,0,"8,329",0
106190110,BROTMAN MEDICAL CENTER,CULVER CITY,LOS ANGELES,420,4217,2128,"9,806","36,454","73,329","3,350","9,007",0,"33,143",0
106044006,BUTTE COUNTY MENTAL HEALTH - PHF,CHICO,BUTTE,16,0,681,841,0,"4,701",0,0,0,0,0
106190125,CALIFORNIA HOSPITAL MEDICAL CENTER,LOS ANGELES,LOS ANGELES,316,3381,"7,727","14,673","63,799","67,824","3,183","2,372","3,654","45,986",0
106380929,CALIFORNIA PACIFIC MEDICAL CENTER,SAN FRANCISCO,SAN FRANCISCO,"1,069",11172,2904,"29,279","124,497","178,321","8,580","14,380","5,591","48,203",0
106364050,CANYON RIDGE HOSPITAL,CHINO,SAN BERNARDINO,59,581,707,"2,922",0,"18,011",0,0,0,0,0
106190137,CASA COLINA HOSP FOR REHAB MEDICINE,POMONA,LOS ANGELES,68,830,8,"1,128",0,"21,481",0,0,0,0,0
106190045,CATALINA ISLAND MEDICAL CENTER,AVALON,LOS ANGELES,12,18,1,27,268,"2,116",0,0,0,"1,079",0
106190555,CEDARS-SINAI MEDICAL CENTER,LOS ANGELES,LOS ANGELES,952,17297,5530,"47,458","247,248","274,981","15,424","12,894","6,342","77,038","16,102"
106190148,CENTINELA FREEMAN REG MED CTR-CENTINELA,INGLEWOOD,LOS ANGELES,285,7004,"6,250","17,251","80,520","84,511","3,813","4,067","3,444","39,739",0
106190500,CENTINELA FREEMAN REG MED CTR-MARINA,MARINA DEL REY,LOS ANGELES,90,1576,189,"3,062","14,339","14,339",985,"1,378",0,"18,869",0
106190230,CENTINELA FREEMAN REG MED CTR-MEMORIAL,INGLEWOOD,LOS ANGELES,185,2998,"2,578","7,160","35,180","45,470","1,191","1,731",16,"36,995",0
106160787,CENTRAL VALLEY GENERAL HOSPITAL,HANFORD,KINGS,45,421,1978,"3,790","9,903","9,903","1,299",704,"2,104","16,069",0
106190155,CENTURY CITY DOCTORS HOSPITAL,LOS ANGELES,LOS ANGELES,142,6005,71,"10,571","16,604","16,604","4,456",622,0,"6,836",0
106301140,CHAPMAN MEDICAL CENTER,ORANGE,ORANGE,114,987,178,"2,637","6,689","26,353",745,"1,266",0,"11,037",0
106010776,CHILDRENS HOSP & RESEARCH CTR OF OAKLAND,OAKLAND,ALAMEDA,183,16,"5,861","9,377","50,589","53,166","3,291","5,173",0,"50,475",0
106370673,CHILDREN'S HOSPITAL - SAN DIEGO,SAN DIEGO,SAN DIEGO,313,30,"7,357","13,526","65,430","85,993","7,601","12,968",0,"78,892","4,765"
106304113,CHILDREN'S HOSPITAL AT MISSION,MISSION VIEJO,ORANGE,48,0,435,"2,167","9,528","9,528",456,643,0,"16,436",0
106204019,CHILDREN'S HOSPITAL CENTRAL CALIFORNIA,MADERA,MADERA,255,29,"8,041","11,798","74,781","76,174","3,619","5,884",0,"47,245","3,807"
106190170,CHILDREN'S HOSPITAL OF LOS ANGELES,LOS ANGELES,LOS ANGELES,286,15,"8,212","11,448","87,209","87,209","6,558","7,202",0,"61,024",0
106300032,CHILDREN'S HOSPITAL OF ORANGE COUNTY,ORANGE,ORANGE,202,20,"5,512","10,405","55,667","55,667","3,324","4,164",0,"43,703",0
106434051,CHILDRENS RECOVERY CTR OF NO CALIF,CAMPBELL,SANTA CLARA,29,0,11,16,0,"7,574",0,0,0,0,0
106382715,CHINESE HOSPITAL,SAN FRANCISCO,SAN FRANCISCO,54,1785,291,"2,295","11,759","11,759",561,"1,919",0,"6,269",0
106361144,CHINO VALLEY MEDICAL CENTER,CHINO,SAN BERNARDINO,126,2450,1650,"6,158","15,462","15,462","1,508","3,023",116,"33,620",0
106200692,CHOWCHILLA DISTRICT MEMORIAL HOSPITAL,CHOWCHILLA,MADERA,24,44,18,64,0,"8,111",0,0,0,0,0
106190636,CITRUS VALLEY MEDICAL CENTER-QV CAMPUS,WEST COVINA,LOS ANGELES,547,9607,"9,565","26,914","116,507","136,071","4,244","5,271","5,073","97,421",0
106190661,CITY OF ANGELS MEDICAL CENTER,LOS ANGELES,LOS ANGELES,180,2246,4103,"6,587","15,014","39,253","1,597","8,627",0,0,0
106100697,COALINGA REGIONAL MEDICAL CENTER,COALINGA,FRESNO,138,277,161,929,"3,799","19,598",0,0,0,"7,851",0
106105051,COALINGA STATE HOSPITAL,COALINGA,FRESNO,"1,259",0,0,10,0,"50,754",0,0,0,0,0
106190766,COAST PLAZA DOCTORS HOSPITAL,NORWALK,LOS ANGELES,123,1722,1174,"3,868","14,511","15,590","1,554","1,621",0,"15,804",0
106301258,COASTAL COMMUNITIES HOSPITAL,SANTA ANA,ORANGE,178,1245,2708,"4,897","15,751","37,680","1,850","1,624","2,290","19,930",0
106190184,COLLEGE HOSPITAL,CERRITOS,LOS ANGELES,157,882,845,"6,163",0,"48,088",0,0,0,0,0
106301155,COLLEGE HOSPITAL COSTA MESA,COSTA MESA,ORANGE,122,535,2060,"3,862","1,790","30,681",47,125,0,0,0
106361458,COLORADO RIVER MEDICAL CENTER,NEEDLES,SAN BERNARDINO,25,291,171,636,"1,871","1,871",20,73,0,"15,974",0
106060870,COLUSA REGIONAL MEDICAL CENTER,COLUSA,COLUSA,48,533,353,"1,119","3,322","4,875",236,469,257,"6,758","4,280"
106190197,COMMUNITY & MISSION HOSPS-HUNTINGTON PARK,HUNTINGTON PARK,LOS ANGELES,157,1829,4127,"6,226","23,253","23,253","1,774","1,408","2,696","8,434",0
106190475,COMMUNITY HOSPITAL OF LONG BEACH,LONG BEACH,LOS ANGELES,256,2044,576,"3,831","10,640","19,435",386,647,0,"20,357",0
106430743,COMMUNITY HOSPITAL OF LOS GATOS,LOS GATOS,SANTA CLARA,143,1923,104,"4,512","16,659","19,830","2,079","3,471",728,"12,628",0
106270744,COMMUNITY HOSPITAL OF MONTEREY PENINSULA,MONTEREY,MONTEREY,175,6251,773,"11,679","50,233","53,804","4,544","3,630","1,108","48,034",0
106361323,COMMUNITY HOSPITAL OF SAN BERNARDINO,SAN BERNARDINO,SAN BERNARDINO,321,2390,"5,627","10,055","35,618","73,875","4,263","3,685","2,301","41,212","12,403"
106100005,COMMUNITY MEDICAL CENTER - CLOVIS,CLOVIS,FRESNO,109,1613,1212,"8,624","26,467","26,467","2,866","5,938",0,"33,931",0
106560473,COMMUNITY MEM HOSP - SAN BUENAVENTURA,VENTURA,VENTURA,220,4833,1502,"13,402","55,511","55,511","4,583","6,711","2,814","34,513",0
106100717,COMMUNITY REGIONAL MED CTR-FRESNO,FRESNO,FRESNO,794,7720,"14,427","34,320","140,427","183,462","6,499","5,753","6,923","100,764","53,725"
106374094,CONTINENTAL REHAB HOSP FOR SAN DIEGO,SAN DIEGO,SAN DIEGO,110,669,0,828,0,"20,661",0,0,0,0,0
106070924,CONTRA COSTA REGIONAL MEDICAL CTR,MARTINEZ,CONTRA COSTA,166,1528,"5,434","9,806","32,371","46,441","2,032","2,068","1,468","60,662",0
106160702,CORCORAN DISTRICT HOSPITAL,CORCORAN,KINGS,32,236,128,623,"1,682","4,821",65,531,0,"6,446",0
106331152,CORONA REGIONAL MEDICAL CENTER - MAIN,CORONA,RIVERSIDE,228,3747,2343,"9,829","30,506","48,849","2,210","4,048","2,187","35,602","10,333"
106390846,DAMERON HOSPITAL,STOCKTON,SAN JOAQUIN,188,4475,1724,"11,857","51,274","51,274","3,368","2,595","2,181","30,241","5,179"
106190232,DEL AMO HOSPITAL,TORRANCE,LOS ANGELES,166,969,752,"3,419",0,"38,230",0,0,0,0,0
106150706,DELANO REGIONAL MEDICAL CENTER,DELANO,KERN,156,1588,1033,"3,607","16,988","36,385","7,035","7,133","1,808","25,398",0
106331164,DESERT REGIONAL MEDICAL CENTER,PALM SPRINGS,RIVERSIDE,367,7207,3880,"17,291","72,083","84,726","4,030","1,523",0,"52,550",0
106364144,DESERT VALLEY HOSPITAL,VICTORVILLE,SAN BERNARDINO,83,4051,1211,"6,850","24,499","24,499","3,988","3,970",0,"30,261",0
106361166,DOCTORS' HOSP MED CTR OF MONTCLAIR,MONTCLAIR,SAN BERNARDINO,102,2146,2395,"6,107","21,211","21,211","1,847","4,216","1,427","17,721",0
106392287,DOCTORS HOSPITAL OF MANTECA,MANTECA,SAN JOAQUIN,73,1514,641,"4,274","17,094","17,094",975,"1,582",820,"23,587",0
106190857,DOCTORS HOSPITAL OF WEST COVINA,WEST COVINA,LOS ANGELES,51,180,44,346,"1,431","9,904",173,722,0,0,0
106500852,DOCTORS MEDICAL CENTER,MODESTO,STANISLAUS,396,5493,"7,705","18,646","99,960","99,960","4,242","3,339","4,348","61,889",0
106070904,DOCTORS MEDICAL CTR - SAN PABLO/PINOLE,SAN PABLO,CONTRA COSTA,247,3358,1293,"6,047","25,308","26,142","5,886","7,542",644,"46,130",0
106440755,DOMINICAN SANTA CRUZ HOSPITAL - SOQUEL,SANTA CRUZ,SANTA CRUZ,379,6373,"2,165","13,679","48,215","71,899","3,524","1,326",834,"37,889","19,914"
106240853,DOS PALOS MEMORIAL HOSPITAL,DOS PALOS,MERCED,29,5,20,29,0,"8,864",0,0,0,0,0
106190243,DOWNEY REGIONAL MEDICAL CENTER,DOWNEY,LOS ANGELES,199,6494,1928,"12,586","47,866","47,866","2,087","4,657","1,217","47,426","9,250"
106196168,EARL & LORRAINE MILLER CHILDRENS HOSP,LONG BEACH,LOS ANGELES,281,146,"11,491","15,681","76,015","76,015","5,293","3,387","5,303","31,441",0
106190256,EAST LOS ANGELES DOCTOR'S HOSPITAL,LOS ANGELES,LOS ANGELES,127,899,2027,"3,369","16,636","25,626",784,687,940,"12,795",0
106190328,EAST VALLEY HOSPITAL MEDICAL CENTER,GLENDORA,LOS ANGELES,118,1255,998,"2,439","11,076","16,433",725,716,433,"6,843",0
106320859,EASTERN PLUMAS HEALTH CARE,PORTOLA,PLUMAS,76,276,127,516,"1,306","23,737",19,77,0,"3,722","3,034"
106010805,EDEN MEDICAL CENTER,CASTRO VALLEY,ALAMEDA,376,8234,2059,"15,028","54,807","75,145","3,358","2,582",845,"55,384",0
106331168,EISENHOWER MEDICAL CENTER,RANCHO MIRAGE,RIVERSIDE,253,12181,426,"17,676","77,872","77,872","8,348","3,510",0,"44,152",0
106430763,EL CAMINO HOSPITAL,MOUNTAIN VIEW,SANTA CLARA,395,6189,719,"16,738","60,689","80,332","3,987","1,726","3,946","38,928",0
106130699,EL CENTRO REGIONAL MEDICAL CENTER,EL CENTRO,IMPERIAL,165,2529,1754,"6,534","27,537","27,537","1,219","3,103","1,344","37,598",0
106094002,EL DORADO COUNTY MENTAL HEALTH-PHF,PLACERVILLE,EL DORADO,15,0,198,442,0,"2,976",0,0,0,0,0
106500867,EMANUEL MEDICAL CENTER,TURLOCK,STANISLAUS,344,4283,2467,"12,135","41,826","100,925","5,418","6,946","2,557","56,525","12,979"
106190280,ENCINO TARZANA RGNL MC - ENCINO,ENCINO,LOS ANGELES,151,2890,150,"3,834","17,539","35,410","1,108","1,728",0,"11,747",0
106190517,ENCINO TARZANA RGNL MC - TARZANA,TARZANA,LOS ANGELES,245,5076,856,"11,874","59,831","59,831","3,644","4,077","2,090","28,841",0
106040962,ENLOE MEDICAL CENTER-ESPLANADE CAMPUS,CHICO,BUTTE,391,7091,2003,"14,209","54,737","69,837","4,475","6,773","1,696","37,291","23,496"
106474007,FAIRCHILD MEDICAL CENTER,YREKA,SISKIYOU,28,826,385,"1,709","4,640","4,640",667,"2,189",225,"12,770",0
106301781,FAIRVIEW DEVELOPMENTAL CENTER,COSTA MESA,ORANGE,"1,218",0,52,52,986,"234,287",0,0,0,0,0
106370705,FALLBROOK HOSPITAL DISTRICT,FALLBROOK,SAN DIEGO,140,851,329,"3,140","9,061","35,034","1,379","2,939",539,"10,536","9,584"
106040875,FEATHER RIVER HOSPITAL,PARADISE,BUTTE,122,2920,897,"4,859","19,816","23,681","1,377","1,945",774,"17,867","20,071"
106190298,FOOTHILL PRESBYTERIAN HOSPITAL,GLENDORA,LOS ANGELES,105,2577,615,"5,196","20,056","20,056","1,381","1,899",622,"23,188",0
106301175,FOUNTAIN VALLEY RGNL HOSP & MC-EUCLID,FOUNTAIN VALLEY,ORANGE,400,5304,"4,390","15,861","74,679","74,679","3,607","6,888","3,285","34,674",0
106230949,FRANK R HOWARD MEMORIAL HOSPITAL,WILLITS,MENDOCINO,25,575,200,"1,196","4,633","4,633",636,669,0,"10,411","12,532"
106014034,FREMONT HOSPITAL - FREMONT,FREMONT,ALAMEDA,80,387,805,"2,850",0,"25,169",0,0,0,0,0
106400480,FRENCH HOSPITAL MEDICAL CENTER - SLO,SAN LUIS OBISPO,SAN LUIS OBISPO,112,1831,368,"3,371","14,616","14,616","1,462","3,866",796,"15,514",0
106104089,FRESNO COUNTY - PHF,FRESNO,FRESNO,16,13,251,796,0,"5,312",0,0,0,0,0
106105029,FRESNO HEART HOSPITAL,FRESNO,FRESNO,57,1533,9,"2,657","7,534","7,534","1,071",149,0,0,0
106104047,FRESNO SURGERY CENTER,FRESNO,FRESNO,20,317,0,"1,084","2,026","2,026","1,084","3,322",0,0,0
106301283,GARDEN GROVE HOSP & MEDICAL CENTER,GARDEN GROVE,ORANGE,167,1837,"4,032","7,334","26,180","26,180","1,411","2,918","3,065","26,176",0
106190315,GARFIELD MEDICAL CENTER,MONTEREY PARK,LOS ANGELES,208,4432,"6,844","12,612","59,123","65,201","3,743","3,508","3,861","23,478",0
106190317,GATEWAYS HOSPITAL AND MENTAL HEALTH CTR,LOS ANGELES,LOS ANGELES,55,0,0,738,0,"12,162",0,0,0,0,0
106270777,GEORGE L. MEE MEMORIAL HOSPITAL,KING CITY,MONTEREY,68,407,780,"2,006","13,841","20,064",451,495,644,"9,064",0
106190323,GLENDALE ADVENTIST MEDICAL CENTER,GLENDALE,LOS ANGELES,448,7151,"5,228","16,854","69,991","108,271","3,124","4,481","2,418","32,876","32,496"
106190522,GLENDALE MEMORIAL HOSPITAL & HEALTH CTR,GLENDALE,LOS ANGELES,334,7205,4217,"14,223","56,907","79,264","2,634","3,816","1,420","33,326","36,610"
106110889,GLENN MEDICAL CENTER,WILLOWS,GLENN,49,196,53,321,846,846,0,0,0,"5,738",0
106420483,GOLETA VALLEY COTTAGE HOSPITAL,SANTA BARBARA,SANTA BARBARA,122,741,174,"1,817","4,884","16,349","1,056",932,298,"17,478",0
106190392,GOOD SAMARITAN HOSPITAL - LA,LOS ANGELES,LOS ANGELES,408,6198,5778,"18,333","76,213","90,650","3,975","4,568","4,356","29,227",0
106430779,GOOD SAMARITAN HOSPITAL - SAN JOSE,SAN JOSE,SANTA CLARA,429,5254,873,"18,045","72,231","80,750","4,849","5,352","2,838","42,741",0
106150775,GOOD SAMARITAN HOSPITAL-BAKERSFIELD,BAKERSFIELD,KERN,64,1037,1057,"2,280","11,729","16,333",282,239,0,0,0
106190352,GREATER EL MONTE COMMUNITY HOSPITAL,SOUTH EL MONTE,LOS ANGELES,117,1166,1622,"3,610","15,770","20,417",697,744,744,"17,355",0
106160725,HANFORD COMMUNITY HOSPITAL,HANFORD,KINGS,121,2663,1467,"6,158","24,261","24,261","2,354","5,794",771,"40,318","21,167"
106350784,HAZEL HAWKINS MEMORIAL HOSPITAL,HOLLISTER,SAN BENITO,176,1352,844,"2,798","7,821","44,044",945,"2,127",601,"14,620","5,826"
106490964,HEALDSBURG DISTRICT HOSPITAL,HEALDSBURG,SONOMA,43,533,24,697,"2,836","8,045",155,"1,182",0,"7,219",0
106304159,HEALTHBRIDGE CHILDRENS HOSPITAL-ORANGE,ORANGE,ORANGE,27,0,16,69,"1,876","9,105",0,0,0,0,0
106154022,HEALTHSOUTH BAKERSFIELD REGIONAL REHAB HOSP,BAKERSFIELD,KERN,60,695,50,"1,101",0,"12,815",0,0,0,0,0
106304079,HEALTHSOUTH TUSTIN REHAB HOSPITAL,TUSTIN,ORANGE,48,777,35,"1,095",0,"13,261",0,0,0,0,0
106190176,HELFORD CLINICAL RESEARCH HOSP AT CITY OF HOPE,DUARTE,LOS ANGELES,165,1200,862,"4,935","49,330","49,330","2,735","2,436",0,0,0
106331194,HEMET VALLEY MEDICAL CENTER,HEMET,RIVERSIDE,433,9771,2594,"15,678","55,874","98,453","2,643",938,"1,173","39,339",0
106190949,HENRY MAYO NEWHALL MEMORIAL HOSPITAL,VALENCIA,LOS ANGELES,217,5047,937,"11,497","42,946","58,726","2,542","4,087","1,426","41,486",0
106344021,HERITAGE OAKS HOSPITAL,SACRAMENTO,SACRAMENTO,76,797,317,"2,582",0,"23,909",0,0,0,0,0
106362041,HI-DESERT MEDICAL CENTER,JOSHUA TREE,SAN BERNARDINO,179,2271,984,"4,177","12,545","52,410",550,"1,365",0,"20,091","4,999"
106301205,HOAG MEMORIAL HOSPITAL PRESBYTERIAN,NEWPORT BEACH,ORANGE,511,10404,824,"26,666","107,704","112,885","9,242","10,571","4,653","62,089",0
106190380,HOLLYWOOD COMMUNITY HOSP OF HOLLYWOOD,HOLLYWOOD,LOS ANGELES,159,2287,2549,"4,944","12,297","27,096",412,356,0,"2,696",0
106190382,HOLLYWOOD PRESBYTERIAN MEDICAL CENTER,LOS ANGELES,LOS ANGELES,410,3173,"10,431","15,693","66,484","101,955","5,459","10,371","4,509","36,547",0
106301209,HUNTINGTON BEACH HOSPITAL,HUNTINGTON BEACH,ORANGE,131,1942,662,"4,422","13,119","26,465",859,"1,628",0,"22,655",0
106301209,HUNTINGTON BEACH HOSPITAL,HUNTINGTON BEACH,ORANGE,131,451,178,"1,157","3,265","6,609",223,388,0,"5,790",0
106301209,HUNTINGTON BEACH HOSPITAL,HUNTINGTON BEACH,ORANGE,131,578,204,"1,275","2,951","6,046",168,164,0,"4,960",0
106190400,HUNTINGTON MEMORIAL HOSPITAL,PASADENA,LOS ANGELES,522,10479,4084,"26,384","117,626","136,414","7,521","4,394","3,187","58,955",0
106320874,INDIAN VALLEY HOSPITAL,GREENVILLE,PLUMAS,26,15,21,43,40,"6,691",0,0,0,0,0
106320874,INDIAN VALLEY HOSPITAL,GREENVILLE,PLUMAS,26,2,32,40,0,"2,586",0,0,0,0,0
106304045,IRVINE MEDICAL CENTER,IRVINE,ORANGE,176,3403,219,"9,427","29,261","29,261","2,552","2,932","1,897","23,460",0
106121031,JEROLD PHELPS COMMUNITY HOSPITAL,GARBERVILLE,HUMBOLDT,17,51,22,92,509,"3,393",0,0,0,"2,559",0
106380842,JEWISH HOME,SAN FRANCISCO,SAN FRANCISCO,491,19,109,149,0,"153,666",0,0,0,0,0
106220733,JOHN C FREMONT HEALTHCARE DISTRICT,MARIPOSA,MARIPOSA,34,123,70,249,"4,470","10,132",0,0,0,"4,672","3,633"
106331216,JOHN F. KENNEDY MEMORIAL HOSPITAL,INDIO,RIVERSIDE,145,2387,"5,121","9,500","30,876","30,876","2,985","2,465","3,407","41,148",0
106074039,JOHN MUIR BEHAVIORAL HEALTH CENTER,CONCORD,CONTRA COSTA,73,309,436,"2,368",0,"17,541",0,0,0,0,0
106071018,JOHN MUIR MEDICAL CTR-CONCORD CAMPUS,CONCORD,CONTRA COSTA,254,5275,"2,041","10,424","50,619","50,619","2,842","2,459",0,"45,974",0
106070988,JOHN MUIR MEDICAL CTR-WALNUT CREEK,WALNUT CREEK,CONTRA COSTA,324,7949,804,"18,440","86,869","92,212","9,565","12,045","2,616","70,726","60,827"
106301132,KAISER FDN HOSP - ANAHEIM,ANAHEIM,ORANGE,200,4092,419,"13,625","50,439","50,439","15,572","4,737",590,"44,563","33,116"
106196035,KAISER FDN HOSP - BALDWIN PARK,BALDWIN PARK,LOS ANGELES,269,4925,381,"14,323","48,064","48,064","6,711","8,107",30,"65,885",0
106190430,KAISER FDN HOSP - BELLFLOWER,BELLFLOWER,LOS ANGELES,352,6606,987,"19,317","60,990","60,990","10,791","9,822",0,"81,121","69,065"
106361223,KAISER FDN HOSP - FONTANA,FONTANA,SAN BERNARDINO,440,8815,1126,"26,302","103,631","107,070","15,780","9,404","3,200","81,476","36,890"
106104062,KAISER FDN HOSP - FRESNO,FRESNO,FRESNO,165,4428,29,"9,129","38,207","38,207","2,680","5,505","1,113","25,869",0
106380857,KAISER FDN HOSP - GEARY (S.F.),SAN FRANCISCO,SAN FRANCISCO,247,5853,190,"15,526","73,968","73,968","4,049","5,201","1,501","50,354","31,301"
106190431,KAISER FDN HOSP - HARBOR CITY,HARBOR CITY,LOS ANGELES,275,5811,619,"14,000","49,780","52,298","8,434","5,067",0,"55,608",0
106010858,KAISER FDN HOSP - HAYWARD,HAYWARD,ALAMEDA,328,7216,533,"19,740","80,328","80,328","4,520","7,304","2,344","75,545","15,386"
106394009,KAISER FDN HOSP - MANTECA,MANTECA,SAN JOAQUIN,99,2309,43,"4,474","16,848","19,001","1,048","2,805",0,"19,527",0
106010856,KAISER FDN HOSP - OAKLAND CAMPUS,OAKLAND,ALAMEDA,396,8158,281,"20,582","96,411","96,411","5,710","6,874",19,"68,162","18,321"
106190432,KAISER FDN HOSP - PANORAMA CITY,PANORAMA CITY,LOS ANGELES,262,5599,442,"13,243","45,256","45,256","7,782","6,665",0,"37,971","44,977"
106410804,KAISER FDN HOSP - REDWOOD CITY,REDWOOD CITY,SAN MATEO,213,3490,32,"8,472","37,449","37,449","3,107","4,299","1,000","23,092",0
106334025,KAISER FDN HOSP - RIVERSIDE,RIVERSIDE,RIVERSIDE,215,5761,463,"16,828","57,292","57,292","8,053","6,672",0,"37,612","22,207"
106340913,KAISER FDN HOSP - SACRAMENTO/ROSEVILLE,SACRAMENTO,SACRAMENTO,499,12609,1241,"32,482","138,034","138,034","10,115","19,046","2,367","88,910","63,805"
106370730,KAISER FDN HOSP - SAN DIEGO,SAN DIEGO,SAN DIEGO,392,9096,730,"26,571","110,707","110,707","18,036","15,971",0,"88,554","35,601"
106210992,KAISER FDN HOSP - SAN RAFAEL,SAN RAFAEL,MARIN,120,4051,84,"6,495","25,617","25,617","2,015","3,002",0,"24,653","8,168"
106430805,KAISER FDN HOSP - SANTA CLARA,SANTA CLARA,SANTA CLARA,286,7128,100,"18,567","79,782","79,782","4,368","7,887","2,519","41,714","43,854"
106494019,KAISER FDN HOSP - SANTA ROSA,SANTA ROSA,SONOMA,117,3584,422,"9,222","32,290","32,290","1,923","5,421",0,"30,592","10,568"
106431506,KAISER FDN HOSP - SANTA TERESA COMM HOSP,SAN JOSE,SANTA CLARA,228,5743,171,"15,146","62,457","62,457","3,505","7,171","1,742","27,135",0
106342344,KAISER FDN HOSP - SOUTH SACRAMENTO,SACRAMENTO,SACRAMENTO,162,4127,916,"14,128","49,083","49,083","2,584","7,636","2,597","59,575",0
106410806,KAISER FDN HOSP - SOUTH SAN FRANCISCO,SOUTH SAN FRANCISCO,SAN MATEO,120,3911,38,"6,886","30,836","30,836","2,311","3,124",0,"35,397",0
106190429,KAISER FDN HOSP - SUNSET,LOS ANGELES,LOS ANGELES,507,8045,842,"22,813","91,628","110,353","27,649","8,295",0,"63,842","45,516"
106070990,KAISER FDN HOSP - WALNUT CREEK,WALNUT CREEK,CONTRA COSTA,284,7081,153,"20,632","89,865","89,865","6,054","10,104","3,469","42,128","32,366"
106190434,KAISER FDN HOSP - WEST LA,LOS ANGELES,LOS ANGELES,293,3807,305,"11,121","43,645","43,645","5,522","5,362",0,"35,788",0
106191450,KAISER FDN HOSP - WOODLAND HILLS,WOODLAND HILLS,LOS ANGELES,218,4507,362,"13,166","55,060","55,060","9,462","8,429",18,"35,788",0
106480989,KAISER FDN HOSP REHAB CTR - VALLEJO,VALLEJO,SOLANO,287,6881,737,"16,577","70,568","87,372","3,738","6,092","1,680","32,450","32,576"
106015000,KAISER FOUNDATION NORTHERN REGION,OAKLAND,ALAMEDA,0,0,0,0,0,0,0,0,0,0,0
106191300,KAISER FOUNDATION SOUTHERN REGION,PASADENA,LOS ANGELES,0,0,0,0,0,0,0,0,0,0,0
106540734,KAWEAH DELTA DISTRICT HOSPITAL,VISALIA,TULARE,490,7348,"5,561","20,191","86,809","121,820","4,479","3,403","3,412","84,645","261,110"
106190150,KEDREN COMMUNITY MENTAL HEALTH CENTER,LOS ANGELES,LOS ANGELES,48,0,290,"1,054",0,"15,655",0,0,0,0,0
106210993,KENTFIELD REHABILITATION HOSPITAL,KENTFIELD,MARIN,60,440,23,645,0,"17,836",0,0,0,0,0
106150736,KERN MEDICAL CENTER,BAKERSFIELD,KERN,222,1022,"8,572","13,424","49,967","58,808","2,619","2,150","3,949","42,156","5,214"
106150737,KERN VALLEY HEALTHCARE DISTRICT,LAKE ISABELLA,KERN,101,788,209,"1,240","3,153","30,584",21,455,0,"7,639",0
106190449,KINDRED HOSPITAL - LA MIRADA,LA MIRADA,LOS ANGELES,248,1953,31,"2,134","58,494","58,494",189,0,0,0,0
106190305,KINDRED HOSPITAL - LOS ANGELES,LOS ANGELES,LOS ANGELES,81,532,37,643,"28,540","28,540",161,0,0,0,0
106344035,KINDRED HOSPITAL - SACRAMENTO,FOLSOM,SACRAMENTO,39,204,2,301,"10,383","10,383",55,0,0,0,0
106370721,KINDRED HOSPITAL - SAN DIEGO,SAN DIEGO,SAN DIEGO,70,252,2,292,"10,893","10,893",29,0,0,0,0
106301127,KINDRED HOSPITAL BREA,BREA,ORANGE,48,352,25,407,"13,897","13,897",76,0,0,0,0
106500954,KINDRED HOSPITAL MODESTO,MODESTO,STANISLAUS,136,563,5,788,"6,164","27,315",0,0,0,0,0
106361274,KINDRED HOSPITAL ONTARIO,ONTARIO,SAN BERNARDINO,91,915,5,"1,015","28,374","28,374",293,0,0,0,0
106010887,KINDRED HOSPITAL SAN FRANCISCO BAY AREA,SAN LEANDRO,ALAMEDA,99,299,12,411,"20,808","20,808",206,0,0,0,0
106301380,KINDRED HOSPITAL WESTMINSTER,WESTMINSTER,ORANGE,109,815,32,969,"37,989","37,989",288,0,0,0,0
106100745,KINGSBURG MEDICAL HOSPITAL,KINGSBURG,FRESNO,35,254,344,721,"1,553","8,569",19,117,0,"6,526",0
106194981,LA CASA PSYCHIATRIC HEALTH FACILITY,LONG BEACH,LOS ANGELES,16,0,93,113,0,"5,447",0,0,0,0,0
106301234,LA PALMA INTERCOMMUNITY HOSPITAL,LA PALMA,ORANGE,141,1293,972,"4,731","12,941","22,744",639,"1,351",738,"19,655",0
106301234,LA PALMA INTERCOMMUNITY HOSPITAL,LA PALMA,ORANGE,141,299,204,"1,181","3,073","5,586",147,341,188,"4,150",0
106301234,LA PALMA INTERCOMMUNITY HOSPITAL,LA PALMA,ORANGE,141,531,274,"1,346","3,294","5,005",420,560,152,"3,999",0
106191227,LAC/HARBOR+UCLA MEDICAL CTR,TORRANCE,LOS ANGELES,553,1923,"10,688","21,089","105,861","119,295","6,587","2,562","1,162","71,497",0
106191230,LAC/MARTIN LUTHER KING JR/DREW MED CTR,LOS ANGELES,LOS ANGELES,537,1221,5183,"10,368","55,627","63,248","1,287","2,724",198,"43,502",0
106191231,LAC/OLIVE VIEW-UCLA MEDICAL CENTER,SYLMAR,LOS ANGELES,377,760,6684,"13,452","55,719","69,019","2,008","4,230",728,"46,368",0
106191306,LAC/RANCHO LOS AMIGOS NATIONAL REHAB CTR,DOWNEY,LOS ANGELES,395,333,1273,"2,231","49,438","49,438","1,116",238,0,0,0
106191228,LAC/USC MEDICAL CENTER,LOS ANGELES,LOS ANGELES,"1,395",1876,"13,599","37,081","216,263","233,516","10,128","3,764","1,106","153,308",0
106380865,LAGUNA HONDA HOSPITAL & REHAB CENTER,SAN FRANCISCO,SAN FRANCISCO,"1,457",118,1102,"1,308",919,"374,062",0,0,0,0,0
106190240,LAKEWOOD REGIONAL MEDICAL CENTER,LAKEWOOD,LOS ANGELES,172,4957,1140,"7,882","35,342","38,520","1,855","2,186",0,"35,426",0
106190455,LANCASTER COMMUNITY HOSPITAL,LANCASTER,LOS ANGELES,117,3788,600,"6,258","25,537","29,285","1,913","1,597",0,"18,403",0
106380868,LANGLEY PORTER PSYCHIATRIC INSTITUTE,SAN FRANCISCO,SAN FRANCISCO,67,216,3,719,0,"6,258",0,0,0,0,0
106191014,LANTERMAN STATE HOSP & DEVELOPMENTAL CTR,POMONA,LOS ANGELES,"1,286",0,46,46,"2,127","198,747",0,0,0,0,0
106190680,LITTLE CO OF MARY-SAN PEDRO HOSPITAL,SAN PEDRO,LOS ANGELES,559,2818,3042,"7,602","19,071","91,918","1,016","1,110",894,"30,733",0
106190470,LITTLE COMPANY OF MARY HOSPITAL,TORRANCE,LOS ANGELES,434,9852,1377,"18,064","62,085","91,441","3,570","3,825","2,267","53,040","47,627"
106390923,LODI MEMORIAL HOSPITAL,LODI,SAN JOAQUIN,178,3397,1846,"7,916","30,594","43,155","1,778","2,350","1,407","20,513","18,286"
106364014,LOMA LINDA UNIV BEHAVIORAL MEDICINE CTR,REDLANDS,SAN BERNARDINO,89,846,781,"4,367",0,"28,151",0,0,0,0,0
106361246,LOMA LINDA UNIVERSITY MEDICAL CENTER,LOMA LINDA,SAN BERNARDINO,789,7165,"10,855","30,751","182,052","202,458","11,146","11,714","2,502","54,579","33,789"
106420491,LOMPOC HEALTHCARE DISTRICT,LOMPOC,SANTA BARBARA,170,1076,671,"2,768","8,802","47,326",645,"3,204",486,"19,132",0
106190525,LONG BEACH MEMORIAL MEDICAL CENTER,LONG BEACH,LOS ANGELES,462,11512,"3,835","24,094","106,142","121,596","7,011","6,870",0,"59,931","35,737"
106301248,LOS ALAMITOS MEDICAL CENTER,LOS ALAMITOS,ORANGE,167,4908,973,"9,036","35,448","42,155","1,935","4,548","1,702","27,257",0
106190198,LOS ANGELES COMMUNITY HOSPITAL,LOS ANGELES,LOS ANGELES,184,2467,"4,573","7,249","32,896","42,885","1,724",632,460,"9,288",0
106190854,LOS ANGELES METROPOLITAN MEDICAL CENTER,LOS ANGELES,LOS ANGELES,213,3545,4352,"8,036","20,039","51,634",788,513,"1,019",0,0
106560492,LOS ROBLES HOSPITAL & MEDICAL CENTER,THOUSAND OAKS,VENTURA,263,6126,674,"13,380","60,276","74,096","3,759","2,757","1,764","40,310",0
106434040,LUCILE S PACKARD CHILDRENS HOSP AT STANFORD,PALO ALTO,SANTA CLARA,264,58,"5,664","13,263","78,176","78,176","3,040","2,395","4,384",0,0
106121002,MAD RIVER COMMUNITY HOSPITAL,ARCATA,HUMBOLDT,80,1011,771,"2,652","9,131","9,131","1,476","5,924",544,"20,649","19,538"
106201281,MADERA COMMUNITY HOSPITAL,MADERA,MADERA,106,1627,2235,"5,802","24,765","24,765","1,498","1,888",0,"33,625","7,250"
106260011,MAMMOTH HOSPITAL,MAMMOTH LAKES,MONO,15,108,111,757,"1,913","1,913",410,619,0,"9,533",0
106420493,MARIAN MEDICAL CENTER,SANTA MARIA,SANTA BARBARA,266,4981,"3,022","10,854","39,006","69,156","3,078","3,260","3,045","48,848","40,493"
106244027,MARIE GREEN PSYCHIATRIC CENTER -PHF,MERCED,MERCED,16,0,343,591,0,"3,876",0,0,0,0,0
106211006,MARIN GENERAL HOSPITAL,SAN RAFAEL,MARIN,235,4440,1683,"10,688","37,925","42,529","2,692","3,635","1,449","36,179",0
106050932,MARK TWAIN ST. JOSEPH'S HOSPITAL,SAN ANDREAS,CALAVERAS,48,1079,283,"1,925","7,018","7,177",405,949,136,"10,310",0
106090933,MARSHALL MEDICAL CENTER,PLACERVILLE,EL DORADO,105,3413,930,"6,188","23,090","27,399","1,686","5,394",680,"26,728","12,469"
106450936,MAYERS MEMORIAL HOSPITAL,FALL RIVER MILLS,SHASTA,119,220,220,582,"2,048","33,032",126,377,99,"4,404",0
106240924,MEMORIAL HOSPITAL LOS BANOS,LOS BANOS,MERCED,48,564,892,"2,034","7,983","7,983",546,446,846,"22,696",0
106500939,MEMORIAL HOSPITAL MODESTO,MODESTO,STANISLAUS,313,8342,"2,771","18,427","93,766","93,766","5,536","8,009","1,755","64,271","43,372"
106190521,MEMORIAL HOSPITAL OF GARDENA,GARDENA,LOS ANGELES,172,2047,2880,"5,474","22,820","46,211","1,457","1,121","1,424","29,301",0
106231013,MENDOCINO COAST DISTRICT HOSPITAL,FORT BRAGG,MENDOCINO,49,898,289,"1,570","5,131","8,294",382,"1,839",174,"10,113","7,911"
106334018,MENIFEE VALLEY MEDICAL CENTER,SUN CITY,RIVERSIDE,84,4096,311,"5,450","24,335","24,335",824,"1,097",0,"20,380",0
106414018,MENLO PARK SURGICAL HOSPITAL,MENLO PARK,SAN MATEO,16,5,0,108,176,176,72,510,0,0,0
106414018,MENLO PARK SURGICAL HOSPITAL,MENLO PARK,SAN MATEO,16,19,0,161,299,299,141,"1,026",0,0,0
106340947,MERCY GENERAL HOSPITAL,SACRAMENTO,SACRAMENTO,342,6711,"3,772","18,527","68,267","84,269","4,179","12,483",0,"33,517",0
106150761,MERCY HOSPITAL - BAKERSFIELD,BAKERSFIELD,KERN,269,5264,895,"15,017","68,998","76,148","3,940","4,898",0,"48,315","12,352"
106344029,MERCY HOSPITAL - FOLSOM,FOLSOM,SACRAMENTO,85,1350,300,"4,440","14,789","14,789","1,505","3,544",0,"22,622",0
106470871,MERCY HOSPITAL OF MT. SHASTA,MT. SHASTA,SISKIYOU,80,749,309,"1,536","4,680","15,650",610,"2,082",121,"7,767",0
106240942,MERCY MED CTR MERCED-COMMUNITY CAMPUS,MERCED,MERCED,174,5716,3182,"10,891","43,444","43,444","2,496","4,030","2,791","42,386","6,812"
106450949,MERCY MEDICAL CENTER-REDDING,REDDING,SHASTA,264,5542,3017,"12,957","59,511","59,511","4,109","2,105","1,682","47,410","12,782"
106340950,MERCY SAN JUAN HOSPITAL,CARMICHAEL,SACRAMENTO,260,6448,"4,278","17,510","76,177","76,177","4,258","6,741",0,"65,909","52,247"
106013687,MERRITT PERALTA INSTITUTE CDRH,OAKLAND,ALAMEDA,24,5,0,603,0,"7,449",0,0,0,0,0
106340951,METHODIST HOSPITAL OF SACRAMENTO,SACRAMENTO,SACRAMENTO,333,2399,2527,"8,517","34,428","89,491","1,217","3,772",0,"38,219",0
106190529,METHODIST HOSPITAL OF SOUTHERN CAL,ARCADIA,LOS ANGELES,460,8333,2635,"17,078","75,222","86,232","3,349","2,265","1,993","38,666",0
106190958,METROPOLITAN STATE HOSPITAL,NORWALK,LOS ANGELES,"1,096",0,72,561,0,"247,068",0,0,0,0,0
106190681,MIRACLE MILE MEDICAL CENTER,LOS ANGELES,LOS ANGELES,17,14,0,121,269,269,121,"1,026",0,0,0
106190681,MIRACLE MILE MEDICAL CENTER,LOS ANGELES,LOS ANGELES,17,8,0,64,140,140,64,463,0,0,0
106190524,MISSION COMMUNITY HOSPITAL - PANORAMA,PANORAMA CITY,LOS ANGELES,145,2332,3529,"6,752","16,340","37,292",784,"1,218",0,"16,681",0
106301262,MISSION HOSPITAL REGIONAL MEDICAL CENTER,MISSION VIEJO,ORANGE,317,5900,1871,"15,939","62,495","68,816","2,672","5,178","3,301","42,925",0
106250956,MODOC MEDICAL CENTER,ALTURAS,MODOC,87,77,60,161,337,"16,663",0,0,0,"2,234",0
106361166,MONTCLAIR HOSPITAL MEDICAL CENTER,MONTCLAIR,SAN BERNARDINO,102,780,911,"2,369","6,336","6,336","1,008",797,479,"6,704",0
106190547,MONTEREY PARK HOSPITAL,MONTEREY PARK,LOS ANGELES,101,1560,"3,459","5,254","20,504","20,504","1,432","1,811","1,775","12,434",0
106334048,MORENO VALLEY COMMUNITY HOSPITAL,MORENO VALLEY,RIVERSIDE,101,2138,"3,325","6,800","19,312","26,528",790,768,"1,702","24,470",0
106190552,MOTION PICTURE & TELEVISION HOSPITAL,WOODLAND HILLS,LOS ANGELES,412,392,156,959,"2,607","130,710",146,"1,606",0,0,0
106361266,MOUNTAINS COMMUNITY HOSPITAL,LAKE ARROWHEAD,SAN BERNARDINO,35,176,172,616,"1,574","8,933",105,332,121,"6,485",0
106281266,NAPA STATE HOSPITAL,IMOLA,NAPA,"1,362",0,0,593,0,"427,896",0,0,0,0,0
106274043,NATIVIDAD MEDICAL CENTER,SALINAS,MONTEREY,172,1114,"4,251","7,416","21,973","31,153","2,773","3,368","2,301","28,969",0
106281297,NELSON M HOLDERMAN MEMORIAL HOSPITAL,YOUNTVILLE,NAPA,809,146,115,"1,270",881,"343,054",1,66,0,0,0
106301304,NEWPORT BAY HOSPITAL,NEWPORT BEACH,ORANGE,34,752,0,812,0,"10,077",0,0,0,0,0
106481357,NORTH BAY MEDICAL CENTER,FAIRFIELD,SOLANO,140,1970,"2,181","5,790","24,173","24,173",959,"1,304","1,516","34,887","8,889"
106514033,NORTH VALLEY BEHAVIORAL HEALTH-PHF,YUBA CITY,SUTTER,16,0,0,420,0,"2,337",0,0,0,0,0
106454012,NORTHERN CALIF REHABILITATION HOSPITAL,REDDING,SHASTA,88,1028,7,"1,137",0,"23,125",0,0,0,0,0
106141273,NORTHERN INYO HOSPITAL,BISHOP,INYO,32,505,246,"1,198","3,711","3,711",479,982,204,"7,296",0
106190568,NORTHRIDGE HOSPITAL MEDICAL CENTER,NORTHRIDGE,LOS ANGELES,425,6183,4277,"16,780","70,698","87,730","3,749","5,209","2,443","53,841",0
106214034,NOVATO COMMUNITY HOSPITAL,NOVATO,MARIN,47,902,156,"1,831","7,857","7,857",743,"1,832",0,"16,191",0
106500967,OAK VALLEY DISTRICT HOSPITAL,OAKDALE,STANISLAUS,150,972,605,"2,295","6,735","45,455",501,"1,761",0,"21,484",0
106334457,OASIS PSYCHIATRIC HEALTH FACILITY,INDIO,RIVERSIDE,50,0,0,"2,487",0,"16,978",0,0,0,0,0
106430837,O'CONNOR HOSPITAL,SAN JOSE,SANTA CLARA,348,5874,3552,"15,364","53,577","60,521","5,500","12,830","3,298","40,691","14,075"
106560501,OJAI VALLEY COMMUNITY HOSPITAL,OJAI,VENTURA,103,760,257,"1,329","3,403","22,764",202,535,0,"10,597",0
106190534,OLYMPIA MEDICAL CENTER,LOS ANGELES,LOS ANGELES,204,3714,479,"5,914","32,746","32,746","2,175","3,055",0,"24,307",0
106300225,ORANGE COAST MEMORIAL MEDICAL CENTER,FOUNTAIN VALLEY,ORANGE,224,4174,522,"11,483","41,666","41,666","3,455","4,452","1,439","23,480",0
106040937,OROVILLE HOSPITAL,OROVILLE,BUTTE,153,4372,2013,"8,384","31,183","37,321","1,901","2,799",693,"32,276","8,072"
106190307,PACIFIC ALLIANCE MEDICAL CENTER,LOS ANGELES,LOS ANGELES,138,2270,3353,"5,961","23,421","27,962","1,407",839,"2,042",0,0
106190587,PACIFIC HOSPITAL OF LONG BEACH,LONG BEACH,LOS ANGELES,184,1827,3746,"6,929","17,698","48,118","1,457","2,723","1,127","14,783",0
106560838,PACIFIC SHORES HOSPITAL,OXNARD,VENTURA,30,0,0,337,0,"8,605",0,0,0,0,0
106190696,PACIFICA HOSPITAL OF THE VALLEY,SUN VALLEY,LOS ANGELES,231,1622,3338,"5,850","14,239","60,529",908,812,999,"26,099",0
106491338,PALM DRIVE HOSPITAL,SEBASTOPOL,SONOMA,37,580,68,"1,095","4,245","4,245",471,"1,520",0,"7,949",0
106331288,PALO VERDE HOSPITAL,BLYTHE,RIVERSIDE,51,361,216,895,"2,914","2,914",113,276,71,"4,727",0
106370755,PALOMAR MEDICAL CENTER,ESCONDIDO,SAN DIEGO,420,7463,5943,"25,782","74,992","114,758","6,030","1,788",0,"53,507","35,833"
106370759,PARADISE VALLEY HOSPITAL,NATIONAL CITY,SAN DIEGO,301,5156,4520,"12,370","37,077","71,288","1,636","1,867",0,"36,447","24,546"
106331293,PARKVIEW COMMUNITY HOSPITAL,RIVERSIDE,RIVERSIDE,193,2904,2896,"8,099","33,251","33,251","1,722","1,887","1,630","31,665",0
106454013,PATIENT'S HOSPITAL OF REDDING,REDDING,SHASTA,10,75,1,322,635,635,310,461,0,0,0
106361768,PATTON STATE HOSPITAL,PATTON,SAN BERNARDINO,"1,293",0,0,"1,524",0,"554,042",0,0,0,0,0
106410852,PENINSULA MEDICAL CENTER,BURLINGAME,SAN MATEO,403,8162,514,"15,536","49,248","90,563","4,476","14,751",0,"57,220",0
106491001,PETALUMA VALLEY HOSPITAL,PETALUMA,SONOMA,80,1859,580,"3,623","12,490","16,394","1,049","1,239",535,"18,810",0
106130760,PIONEERS MEMORIAL HOSPITAL,BRAWLEY,IMPERIAL,107,1149,1654,"4,909","17,904","17,904","1,567","2,071",0,"38,958",0
106301297,PLACENTIA-LINDA COMMUNITY HOSPITAL,PLACENTIA,ORANGE,114,2375,173,"4,106","13,663","13,663","1,148","2,379",0,"21,598",0
106320986,PLUMAS DISTRICT HOSPITAL,QUINCY,PLUMAS,24,347,120,700,"1,902","1,902",152,294,96,"4,967",0
106370977,POMERADO HOSPITAL,POWAY,SAN DIEGO,236,3057,977,"7,474","24,702","73,533","2,018","1,902","1,070","25,744",0
106190630,POMONA VALLEY HOSPITAL MEDICAL CENTER,POMONA,LOS ANGELES,446,6715,"11,212","23,319","104,291","113,542","3,885","7,016",223,"60,232",0
106541123,PORTERVILLE STATE HOSPITAL,PORTERVILLE,TULARE,"1,210",0,46,79,"1,884","263,005",0,0,0,0,0
106190631,PRESBYTERIAN INTERCOMMUNITY HOSPITAL,WHITTIER,LOS ANGELES,468,7469,4316,"19,455","76,615","88,292","4,045","5,828",0,"61,564","48,099"
106190468,PROMISE HOSPITAL OF EAST LOS ANGELES,LOS ANGELES,LOS ANGELES,213,1173,1015,"2,386","38,593","44,515",735,"1,868",956,0,0
106370787,PROMISE HOSPITAL OF SAN DIEGO,SAN DIEGO,SAN DIEGO,100,323,1410,"2,125","6,317","20,345",82,877,0,634,0
106190385,PROVIDENCE HOLY CROSS MEDICAL CENTER,MISSION HILLS,LOS ANGELES,254,6150,3933,"14,721","68,304","84,781","6,358","5,451","2,930","49,666",0
106190758,PROVIDENCE SAINT JOSEPH MEDICAL CENTER,BURBANK,LOS ANGELES,488,10106,3501,"19,613","92,859","105,167","8,634","3,684","3,154","55,000","26,998"
106281047,QUEEN OF THE VALLEY HOSP,NAPA,NAPA,179,3946,1403,"8,183","37,701","45,728","3,095","4,192",841,"34,620",0
106364188,RANCHO SPECIALTY HOSPITAL,RANCHO CUCAMONGA,SAN BERNARDINO,55,134,1,139,"3,783","3,783",51,137,0,0,0
106171049,REDBUD COMMUNITY HOSPITAL,CLEARLAKE,LAKE,25,778,551,"1,687","6,157","6,157",576,"1,444",0,"15,294","11,350"
106361308,REDLANDS COMMUNITY HOSPITAL,REDLANDS,SAN BERNARDINO,176,5793,1547,"13,176","44,834","53,388","3,327","3,206","2,281","45,477","20,206"
106121051,REDWOOD MEMORIAL HOSPITAL,FORTUNA,HUMBOLDT,35,725,474,"1,652","5,615","5,615",530,"1,930",390,"13,320",0
106430705,REGIONAL MEDICAL CENTER OF SAN JOSE,SAN JOSE,SANTA CLARA,184,5694,"2,613","12,184","61,032","61,032","2,927","6,348",966,"72,681",0
106424047,REHABILITATION INST AT SANTA BARBARA,SANTA BARBARA,SANTA BARBARA,38,459,24,653,0,"7,263",8,0,0,0,0
106190930,RESNICK NEUROPSYCHIATRIC HOSP AT UCLA,LOS ANGELES,LOS ANGELES,136,398,71,"2,002",0,"23,548",0,0,0,0,0
106580996,RIDEOUT MEMORIAL HOSPITAL,MARYSVILLE,YUBA,281,5479,3466,"12,634","53,084","53,084","2,719","2,943","2,140","54,193",0
106150782,RIDGECREST REGIONAL HOSPITAL,RIDGECREST,KERN,74,1021,607,"2,711","10,003","10,003",689,"1,769",488,"15,985","5,324"
106331226,RIVERSIDE CENTER FOR BEHAVIORAL MEDICINE,RIVERSIDE,RIVERSIDE,68,286,0,915,0,"10,779",0,0,0,0,0
106331312,RIVERSIDE COMMUNITY HOSPITAL,RIVERSIDE,RIVERSIDE,373,6831,"4,401","19,081","87,950","87,950","5,623","3,465","3,399","73,055",0
106334487,RIVERSIDE COUNTY REGIONAL MED CTR,MORENO VALLEY,RIVERSIDE,439,2039,"7,934","19,404","75,455","98,887","5,533","3,718","2,840","80,889",0
106344011,SACRAMENTO COUNTY MENTAL HEALTH CTR-PHF,SACRAMENTO,SACRAMENTO,100,0,0,"3,136",0,"34,164",0,0,0,0,0
106301317,SADDLEBACK MEMORIAL MEDICAL CENTER,LAGUNA HILLS,ORANGE,325,10985,453,"18,990","69,347","73,715","5,224","4,477","2,780","50,069","61,981"
106270875,SALINAS VALLEY MEMORIAL HOSPITAL,SALINAS,MONTEREY,269,5018,"2,173","13,190","58,082","58,082","4,434","2,441","2,183","37,568",0
106361318,SAN ANTONIO COMMUNITY HOSPITAL,UPLAND,SAN BERNARDINO,279,5562,1260,"14,773","55,394","55,394","3,825","4,200",0,"61,550",0
106374055,SAN DIEGO COUNTY PSYCHIATRIC HOSPITAL,SAN DIEGO,SAN DIEGO,369,9,96,"1,067",0,"70,086",0,0,0,"28,153",0
106374084,SAN DIEGO HOSPICE & PALLIATIVE CARE CTR,SAN DIEGO,SAN DIEGO,24,469,70,646,"8,594","8,594",0,0,0,0,0
106190673,SAN DIMAS COMMUNITY HOSPITAL,SAN DIMAS,LOS ANGELES,93,1793,417,"4,178","15,465","15,517","1,230","2,684",823,"15,627",0
106380939,SAN FRANCISCO GENERAL HOSP MED CTR,SAN FRANCISCO,SAN FRANCISCO,598,4199,"9,598","19,505","74,826","136,473","4,884","1,730",349,"60,325",0
106190200,SAN GABRIEL VALLEY MEDICAL CENTER,SAN GABRIEL,LOS ANGELES,231,4312,1458,"8,478","38,494","49,588","1,435","2,715",0,"24,635",0
106331326,SAN GORGONIO MEMORIAL HOSPITAL,BANNING,RIVERSIDE,77,1967,1048,"4,586","14,584","19,216",494,221,345,"22,529",0
106150788,SAN JOAQUIN COMMUNITY HOSPITAL,BAKERSFIELD,KERN,178,3114,"4,322","9,689","46,794","46,794","2,083","2,380",0,"34,622","7,956"
106394003,SAN JOAQUIN COUNTY MENTAL HEALTH - PHF,STOCKTON,SAN JOAQUIN,40,0,0,"1,316",0,"13,770",0,0,0,0,0
106391010,SAN JOAQUIN GENERAL HOSPITAL,FRENCH CAMP,SAN JOAQUIN,196,1726,"5,667","10,153","47,225","50,229","2,292","1,663","2,420","41,981",0
106104023,SAN JOAQUIN VALLEY REHAB HOSPITAL,FRESNO,FRESNO,62,1022,32,"1,238",0,"15,493",0,0,0,0,0
106404046,SAN LUIS OBISPO CO - PHF,SAN LUIS OBISPO,SAN LUIS OBISPO,16,0,286,965,0,"3,051",0,0,0,0,0
106410782,SAN MATEO MEDICAL CENTER,SAN MATEO,SAN MATEO,509,1294,"2,344","4,389","13,664","134,170","1,106","1,162",0,"31,185",0
106074017,SAN RAMON REGIONAL MEDICAL CENTER,SAN RAMON,CONTRA COSTA,123,1933,108,"5,449","23,655","23,655","1,684","4,680",807,"17,773",0
106420514,SANTA BARBARA COTTAGE HOSPITAL,SANTA BARBARA,SANTA BARBARA,370,7081,"2,730","18,535","71,846","77,701","6,220","6,022","2,232","41,031",0
106424002,SANTA BARBARA COUNTY - PHF,SANTA BARBARA,SANTA BARBARA,16,143,159,500,0,"5,316",0,0,0,0,0
106430883,SANTA CLARA VALLEY MEDICAL CENTER,SAN JOSE,SANTA CLARA,574,2568,"13,770","24,157","99,504","128,636","8,055","4,545","5,217","50,024",0
106190687,SANTA MONICA - UCLA MEDICAL CENTER,SANTA MONICA,LOS ANGELES,279,4239,1153,"10,112","52,587","52,587","3,311","5,582","1,449","29,322",0
106491064,SANTA ROSA MEMORIAL HOSPITAL,SANTA ROSA,SONOMA,345,6290,1735,"14,206","57,628","78,491","4,136","4,990","1,080","35,305",0
106420522,SANTA YNEZ VALLEY COTTAGE HOSPITAL,SOLVANG,SANTA BARBARA,22,241,3,310,935,935,13,271,0,"6,167",0
106371256,SCRIPPS GREEN HOSPITAL,LA JOLLA,SAN DIEGO,173,5742,58,"10,703","37,693","37,693","5,454","6,368",0,0,0
106371394,SCRIPPS MEMORIAL HOSPITAL - ENCINITAS,ENCINITAS,SAN DIEGO,138,3276,851,"7,750","31,794","39,255","1,923","3,352",0,"29,639",0
106370771,SCRIPPS MEMORIAL HOSPITAL - LA JOLLA,LA JOLLA,SAN DIEGO,420,5567,504,"18,421","73,253","92,160","5,018","7,081","4,176","29,799",0
106370744,SCRIPPS MERCY HOSPITAL,SAN DIEGO,SAN DIEGO,700,10872,"6,737","29,617","129,607","142,856","7,866","6,112","3,754","89,306",0
106124004,SEMPERVIRENS - PHF,EUREKA,HUMBOLDT,16,136,162,431,0,"3,873",0,0,0,0,0
106321016,SENECA HEALTHCARE DISTRICT,CHESTER,PLUMAS,24,194,44,331,"1,012","6,558",25,88,0,"3,591",0
106410891,SEQUOIA HOSPITAL,REDWOOD CITY,SAN MATEO,421,4254,274,"8,699","29,992","43,092","2,342","2,754","1,140","22,002",0
106410817,SETON MEDICAL CENTER,DALY CITY,SAN MATEO,478,5827,1687,"10,009","54,549","121,752","3,126","3,999",572,"31,173","33,208"
106370875,SHARP CHULA VISTA MEDICAL CENTER,CHULA VISTA,SAN DIEGO,330,6502,"3,612","14,278","68,551","101,546","3,009","3,442",0,"45,456",0
106370689,SHARP CORONADO HOSPITAL & HEALTHCARE CTR,CORONADO,SAN DIEGO,204,1760,132,"2,618","8,902","52,748",864,"1,114",0,"12,986",0
106370714,SHARP GROSSMONT HOSPITAL,LA MESA,SAN DIEGO,481,11447,"5,010","25,227","90,469","118,895","6,998","6,177",0,"75,242","51,311"
106370695,SHARP MARY BIRCH HOSPITAL FOR WOMEN,SAN DIEGO,SAN DIEGO,169,100,3202,"10,810","49,524","49,524","1,225","2,171","7,433",0,0
106370694,SHARP MEMORIAL HOSPITAL,SAN DIEGO,SAN DIEGO,521,8115,1658,"16,510","75,936","104,837","6,080","10,034",0,"47,085","76,584"
106370745,SHARP MESA VISTA HOSPITAL,SAN DIEGO,SAN DIEGO,149,1070,380,"4,996",0,"40,146",0,0,0,161,0
106374049,SHARP VISTA PACIFICA,SAN DIEGO,SAN DIEGO,16,1,0,251,0,"3,857",0,0,0,0,0
106450940,SHASTA REGIONAL MEDICAL CENTER,REDDING,SHASTA,246,4507,805,"7,698","38,307","38,307","3,053","3,258",0,"26,219",0
106190708,SHERMAN OAKS HOSPITAL & HEALTH CENTER,SHERMAN OAKS,LOS ANGELES,153,3512,676,"5,283","21,813","21,813","1,509","2,812",0,"18,056",0
106190712,SHRINERS HOSPITAL - LOS ANGELES,LOS ANGELES,LOS ANGELES,60,0,0,"1,491","5,819","5,819","4,908",0,0,0,0
106344114,SHRINERS HOSPITAL - NORTHERN CALIF,SACRAMENTO,SACRAMENTO,80,0,0,"2,236","9,346","12,075","1,069",844,0,0,0
106100797,SIERRA KINGS DISTRICT HOSPITAL,REEDLEY,FRESNO,44,548,1626,"2,676","5,476","5,476",118,556,"1,672","17,236",0
106291023,SIERRA NEVADA MEMORIAL HOSPITAL,GRASS VALLEY,NEVADA,121,3856,723,"6,917","19,751","24,882","1,808","5,021",514,"30,595",0
106540798,SIERRA VIEW DISTRICT HOSPITAL,PORTERVILLE,TULARE,163,2799,"3,339","8,334","33,892","45,619","2,246","3,040","2,145","50,622",0
106342392,SIERRA VISTA HOSPITAL,SACRAMENTO,SACRAMENTO,72,697,163,"2,891",0,"23,643",0,0,0,0,0
106400524,SIERRA VISTA REGIONAL MEDICAL CENTER,SAN LUIS OBISPO,SAN LUIS OBISPO,165,1930,1203,"6,464","31,744","31,744","2,554","1,741","1,101","22,138",0
106560525,SIMI VALLEY HOSP & HLTH SVCS - SYCAMORE,SIMI VALLEY,VENTURA,147,2809,476,"5,023","19,505","29,712","1,074","2,324",586,"27,909","11,758"
106491267,SONOMA DEVELOPMENTAL CENTER,ELDRIDGE,SONOMA,"1,413",0,36,36,"1,496","271,591",0,0,0,0,0
106491076,SONOMA VALLEY HOSPITAL,SONOMA,SONOMA,83,1262,350,"2,173","6,393","12,582",757,"1,292",262,"9,529","9,419"
106554011,SONORA REGIONAL MED CTR-GREENLEY,SONORA,TUOLUMNE,152,2265,407,"4,140","17,766","41,470","1,400","2,010",608,"21,553","18,123"
106301337,SOUTH COAST MEDICAL CENTER,SOUTH LAGUNA,ORANGE,208,1871,751,"4,849","10,770","28,635",828,"1,598",715,"15,257","7,751"
106141338,SOUTHERN INYO HOSPITAL,LONE PINE,INYO,37,54,50,128,92,"12,300",0,0,0,"1,660",0
106334068,SOUTHWEST HEALTHCARE SYSTEM-MURRIETA,MURRIETA,RIVERSIDE,176,5866,"2,607","16,917","54,920","54,920","4,881","3,725","3,624","70,481",0
106100899,ST. AGNES MEDICAL CENTER,FRESNO,FRESNO,436,11920,"3,958","23,755","104,357","104,357","6,164","10,970","3,354","59,615","14,702"
106361339,ST. BERNARDINE MEDICAL CENTER,SAN BERNARDINO,SAN BERNARDINO,463,6305,"3,929","15,819","71,262","71,262","5,418","8,208",0,"45,051",0
106521041,ST. ELIZABETH COMMUNITY HOSPITAL,RED BLUFF,TEHAMA,76,1973,917,"3,785","11,320","11,404","1,921","2,449",694,"29,237","12,920"
106190754,ST. FRANCIS MEDICAL CENTER,LYNWOOD,LOS ANGELES,384,4207,"13,299","21,112","86,662","107,383","3,168","7,728","6,361","59,958",0
106380960,ST. FRANCIS MEMORIAL HOSPITAL,SAN FRANCISCO,SAN FRANCISCO,356,3656,1208,"6,722","24,132","44,812","2,936","5,831",0,"26,273",0
106281078,ST. HELENA HOSPITAL,ST. HELENA,NAPA,181,2103,454,"4,423","12,533","22,228","1,401","3,332",0,"6,776","9,656"
106481015,ST. HELENA HOSPITAL-BEHAVIORAL HEALTH,VALLEJO,SOLANO,61,240,534,"2,060",0,"18,734",0,0,0,0,0
106190756,ST. JOHN'S HOSPITAL AND HEALTH CENTER,SANTA MONICA,LOS ANGELES,334,6189,97,"13,219","57,041","57,041","8,168","19,946","1,710","30,497",0
106560508,ST. JOHN'S PLEASANT VALLEY HOSPITAL,CAMARILLO,VENTURA,180,2349,260,"3,718","13,997","34,879",945,"1,161",448,"16,486",0
106560529,ST. JOHN'S REGIONAL MEDICAL CENTER,OXNARD,VENTURA,266,9183,1093,"13,451","55,497","65,009","3,991","3,438",0,"46,029",0
106121080,ST. JOSEPH HOSPITAL - EUREKA,EUREKA,HUMBOLDT,189,3123,1136,"6,171","25,302","28,457","3,480","5,505",580,"24,586",0
106301340,ST. JOSEPH HOSPITAL - ORANGE,ORANGE,ORANGE,412,7420,2093,"21,733","77,789","88,183","9,983","15,341","4,921","53,627",0
106392232,ST. JOSEPH'S BEHAVIORAL HEALTH CENTER,STOCKTON,SAN JOAQUIN,35,820,0,"1,604",0,"10,926",0,0,0,0,0
106391042,ST. JOSEPH'S MEDICAL CENTER OF STOCKTON,STOCKTON,SAN JOAQUIN,294,7713,"5,249","17,376","75,063","84,054","5,151","1,076","2,080","69,375","19,330"
106301342,ST. JUDE MEDICAL CENTER,FULLERTON,ORANGE,359,7082,793,"15,321","64,719","80,988","4,765","9,729","2,040","49,494",0
106434138,ST. LOUISE REGIONAL HOSPITAL,GILROY,SANTA CLARA,93,1581,697,"3,691","12,115","16,246","1,081","2,256",661,"23,897",0
106380964,ST. LUKE'S HOSPITAL,SAN FRANCISCO,SAN FRANCISCO,260,2110,2164,"5,606","22,693","50,418","1,148","2,326",941,"27,214",0
106190053,ST. MARY MEDICAL CENTER,LONG BEACH,LOS ANGELES,539,4394,"4,974","12,300","55,949","67,781","1,711","3,960","2,664","41,880",0
106361343,ST. MARY MEDICAL CENTER,APPLE VALLEY,SAN BERNARDINO,186,5398,"3,408","12,932","49,544","49,544","3,677","5,244","2,415","52,407",0
106380965,ST. MARY'S MEDICAL CENTER-SAN FRANCISCO,SAN FRANCISCO,SAN FRANCISCO,403,4167,648,"7,061","26,442","42,190","1,915","4,071",0,"18,406",0
106010967,ST. ROSE HOSPITAL,HAYWARD,ALAMEDA,163,2523,"3,375","8,286","34,157","38,039","3,433","3,605","1,117","42,212",0
106190762,ST. VINCENT MEDICAL CENTER,LOS ANGELES,LOS ANGELES,347,6226,1776,"10,096","52,980","60,736","3,102","4,111",0,"6,511",0
106430905,STANFORD UNIVERSITY HOSPITAL,STANFORD,SANTA CLARA,613,8755,1864,"22,649","117,177","130,731","13,586","13,263",0,"42,518",0
106501016,STANISLAUS BEHAVIORAL HEALTH CENTER,MODESTO,STANISLAUS,67,427,0,"3,431",0,"19,630",0,0,0,0,0
106504038,STANISLAUS SURGICAL HOSPITAL,MODESTO,STANISLAUS,23,320,0,"1,384","3,218","3,218","1,384","12,642",0,0,0
106194967,STAR VIEW ADOLESCENT - PHF,TORRANCE,LOS ANGELES,16,0,0,63,0,"3,725",0,0,0,0,0
106364121,SUN HEALTH ROBERT H BALLARD REHAB HOSP,SAN BERNARDINO,SAN BERNARDINO,60,405,180,730,0,"11,063",0,0,0,0,0
106250955,SURPRISE VALLEY COMMUNITY HOSPITAL,CEDARVILLE,MODOC,26,29,33,74,119,"8,454",0,0,0,620,0
106034002,SUTTER AMADOR HOSPITAL,JACKSON,AMADOR,66,1382,301,"2,574","8,283","12,089",903,"3,556",245,"15,351",0
106310791,SUTTER AUBURN FAITH HOSPITAL,AUBURN,PLACER,97,2735,588,"4,518","15,936","18,076","1,190","1,805",504,"22,843","10,503"
106344017,SUTTER CENTER FOR PSYCHIATRY,SACRAMENTO,SACRAMENTO,69,491,280,"2,171",0,"17,747",0,0,0,0,0
106084001,SUTTER COAST HOSPITAL,CRESCENT CITY,DEL NORTE,59,1218,523,"2,440","9,434","9,434",533,"3,439",0,"21,697","7,319"
106574010,SUTTER DAVIS HOSPITAL,DAVIS,YOLO,48,1137,992,"3,552","9,593","9,593","1,052","5,215","1,343","20,305",0
106070934,SUTTER DELTA MEDICAL CENTER,ANTIOCH,CONTRA COSTA,145,3252,1332,"7,080","29,923","29,923","1,265","1,480",990,"50,446",0
106171395,SUTTER LAKESIDE HOSPITAL,LAKEPORT,LAKE,69,1430,463,"2,644","9,095","10,310",870,"2,759",0,"18,349","12,658"
106444012,SUTTER MATERNITY & SURGERY CENTER,SANTA CRUZ,SANTA CRUZ,30,317,252,"1,921","4,705","4,705","1,024","6,930",0,0,0
106341051,SUTTER MEDICAL CENTER - SACRAMENTO,SACRAMENTO,SACRAMENTO,754,10191,"9,674","30,833","148,484","194,730","9,647","6,311","5,079","66,947",0
106490919,SUTTER MEDICAL CENTER OF SANTA ROSA,SANTA ROSA,SONOMA,232,2451,2410,"7,411","29,681","38,205","1,883","3,144","1,754","27,941",0
106311000,SUTTER ROSEVILLE MEDICAL CENTER,ROSEVILLE,PLACER,180,5847,2052,"13,961","52,908","52,908","4,200","5,605","2,796","53,083",0
106481094,SUTTER SOLANO MEDICAL CENTER,VALLEJO,SOLANO,111,2453,"1,731","6,242","23,081","26,020","1,515","2,400","1,009","33,862",0
106391056,SUTTER TRACY COMMUNITY HOSPITAL,TRACY,SAN JOAQUIN,82,1399,748,"4,078","16,639","16,639","2,665","4,253",776,"29,577",0
106514001,SUTTER-YUBA - PHF,YUBA CITY,SUTTER,16,0,280,442,0,"3,722",0,0,0,0,0
106291053,TAHOE FOREST HOSPITAL,TRUCKEE,NEVADA,72,635,239,"2,097","8,055","19,752",846,910,463,"14,944","5,261"
106190782,TARZANA TREATMENT CENTER,TARZANA,LOS ANGELES,60,0,0,"2,007",0,"17,257",0,0,0,0,0
106150808,TEHACHAPI HOSPITAL,TEHACHAPI,KERN,25,50,60,139,294,"7,190",0,0,0,"10,191",0
106014207,TELECARE HERITAGE P.H.F,OAKALND,ALAMEDA,26,0,0,719,0,"4,711",0,0,0,0,0
106314029,TELECARE PLACER COUNTY P.H.F,ROSEVILLE,PLACER,16,0,183,357,0,"4,958",0,0,0,0,0
106484028,TELECARE SOLANO - PHF,FAIRFIELD,SOLANO,16,143,186,638,0,"4,987",0,0,0,0,0
106190784,TEMPLE COMMUNITY HOSPITAL,LOS ANGELES,LOS ANGELES,170,1468,686,"2,438","13,803","17,776",946,"2,769",0,0,0
106564121,THOUSAND OAKS SURGICAL HOSPITAL,THOUSAND OAKS,VENTURA,21,188,0,748,"1,436","1,436","1,162","3,465",0,0,0
106010782,THUNDER ROAD CHEMICAL DEPNDCY RCVRY HOSP,OAKLAND,ALAMEDA,50,0,0,238,0,"10,819",0,0,0,0,0
106191225,TOM REDGATE MEMORIAL RECOVERY CENTER,LONG BEACH,LOS ANGELES,63,0,0,768,0,"17,449",0,0,0,0,0
106190422,TORRANCE MEMORIAL MEDICAL CENTER,TORRANCE,LOS ANGELES,377,10032,1590,"23,472","85,415","97,897","6,364","10,989","3,841","62,638","32,191"
106370780,TRI-CITY MEDICAL CENTER,OCEANSIDE,SAN DIEGO,397,8177,2995,"18,339","71,335","79,764","5,279","7,374","3,416","61,680","21,447"
106190159,TRI-CITY REGIONAL MEDICAL CENTER,HAWAIIAN GARDENS,LOS ANGELES,137,2054,665,"3,147","14,925","14,925","1,088","2,133",0,"6,758",0
106531059,TRINITY GENERAL HOSPITAL,WEAVERVILLE,TRINITY,51,270,124,472,"1,233","9,057",45,178,0,"4,991","1,020"
106540816,TULARE DISTRICT HOSPITAL,TULARE,TULARE,112,1799,2296,"5,408","20,945","20,945","1,972","3,722",695,"28,391","5,077"
106551061,TUOLUMNE GENERAL HOSPITAL,SONORA,TUOLUMNE,79,676,666,"1,995","4,439","23,694",243,577,0,"10,713",0
106301357,TUSTIN HOSPITAL MEDICAL CENTER,TUSTIN,ORANGE,177,707,810,"1,984","4,991","13,728",354,637,0,"3,332",0
106400548,TWIN CITIES COMMUNITY HOSPITAL,TEMPLETON,SAN LUIS OBISPO,84,2439,660,"4,989","21,500","21,500","1,589","2,727",667,"28,577",0
106190796,UCLA MEDICAL CENTER,LOS ANGELES,LOS ANGELES,669,7253,4635,"26,513","171,986","171,986","11,511","16,456","1,672","44,748","48,905"
106381154,UCSF MEDICAL CENTER,SAN FRANCISCO,SAN FRANCISCO,599,8216,6990,"27,482","177,508","177,508","10,644","8,821","1,490","36,703","21,591"
106231396,UKIAH VALLEY MEDICAL CENTER-HOSPITAL DR,UKIAH,MENDOCINO,75,1366,1131,"3,853","11,866","11,866","1,442","3,207",0,"24,868",0
106341006,UNIVERSITY OF CALIFORNIA DAVIS MED CTR,SACRAMENTO,SACRAMENTO,577,7534,"9,312","27,958","151,527","155,887","10,603","8,760","2,356","47,536","19,433"
106301279,UNIVERSITY OF CALIFORNIA IRVINE MED CTR,ORANGE,ORANGE,453,3830,"7,741","17,179","83,701","103,904","5,152","5,211","1,191","33,844",0
106370782,UNIVERSITY OF CALIF-SAN DIEGO MED CTR,SAN DIEGO,SAN DIEGO,540,5198,5902,"20,955","115,674","128,926","7,943","15,360","2,492","60,769",0
106191216,USC KENNETH NORRIS JR. CANCER HOSPITAL,LOS ANGELES,LOS ANGELES,60,954,38,"2,464","15,646","15,646","1,216","1,085",0,0,0
106194219,USC UNIVERSITY HOSPITAL,LOS ANGELES,LOS ANGELES,265,3302,925,"7,853","56,030","57,840","5,227","4,612",0,0,0
106484001,VACA VALLEY HOSPITAL,VACAVILLE,SOLANO,50,1448,323,"2,671","13,649","13,649",495,773,0,"21,454",0
106010983,VALLEY MEMORIAL HOSPITAL,LIVERMORE,ALAMEDA,212,3375,928,"8,769","33,691","43,730","2,218","6,227","1,400","26,485",0
106190812,VALLEY PRESBYTERIAN HOSPITAL,VAN NUYS,LOS ANGELES,380,3585,"8,543","14,429","68,009","68,009","2,984","2,408","5,150","42,683",0
106560481,VENTURA COUNTY MEDICAL CENTER,VENTURA,VENTURA,223,1330,6104,"10,896","35,177","47,800","6,690","3,267","2,702","34,494",0
106190818,VERDUGO HILLS HOSPITAL,GLENDALE,LOS ANGELES,158,3551,441,"6,649","21,733","34,402","1,735","3,101",893,"17,927","4,781"
106361370,VICTOR VALLEY COMMUNITY HOSPITAL,VICTORVILLE,SAN BERNARDINO,106,1418,"2,918","6,504","22,120","22,120","3,099","9,088","1,399","30,807",0
106190196,VISTA HOSPITAL OF SOUTH BAY,GARDENA,LOS ANGELES,58,305,0,324,"4,006","4,796",85,227,0,0,0
106190049,VISTA SPECIALTY HOSP OF SAN GABRIEL VALLEY,BALDWIN PARK,LOS ANGELES,52,522,0,532,"19,959","19,959",204,6,0,0,0
106010987,WASHINGTON HOSPITAL - FREMONT,FREMONT,ALAMEDA,315,5770,2743,"14,445","65,266","65,266","3,369",631,0,"40,730",0
106444013,WATSONVILLE COMMUNITY HOSPITAL,WATSONVILLE,SANTA CRUZ,106,1960,"2,439","6,061","24,435","24,435","2,036","1,131","1,599","27,368","2,241"
106301379,WEST ANAHEIM MEDICAL CENTER,ANAHEIM,ORANGE,219,3385,504,"6,211","23,298","32,870","1,367",793,0,"25,573",0
106301379,WEST ANAHEIM MEDICAL CENTER,ANAHEIM,ORANGE,197,792,149,"1,558","5,942","7,924",347,204,0,"6,921",0
106301379,WEST ANAHEIM MEDICAL CENTER,ANAHEIM,ORANGE,197,1028,291,"2,060","6,521","8,227",398,181,0,"6,362",0
106190859,WEST HILLS HOSPITAL & MEDICAL CENTER,WEST HILLS,LOS ANGELES,236,3946,336,"8,231","39,573","39,573","2,144","1,388","1,084","59,884",0
106301188,WESTERN MEDICAL CENTER-ANAHEIM,ANAHEIM,ORANGE,188,1663,3727,"7,473","18,882","41,157","1,402",814,0,"19,255",0
106301566,WESTERN MEDICAL CENTER-SANTA ANA,SANTA ANA,ORANGE,282,3068,"4,708","12,766","50,233","57,806","3,077","2,724","3,458","23,611",0
106190878,WHITE MEMORIAL MEDICAL CENTER,LOS ANGELES,LOS ANGELES,369,5168,"6,282","17,331","71,600","96,107","4,680","8,250","3,289","41,296",0
106190883,WHITTIER HOSPITAL MEDICAL CENTER,WHITTIER,LOS ANGELES,181,4120,1923,"8,721","29,221","36,895","2,383","2,443","2,294","23,456",0
106571086,WOODLAND MEMORIAL HOSPITAL,WOODLAND,YOLO,108,1587,979,"3,944","10,418","15,665","1,451","5,835",0,"21,730","13,662"
